season,team_name,afl_player_id,player_name,position,jumper,headshot_url
2026,,1023261,Nick Daicos,,,https://fantasy.afl.com.au/assets/media/players/afl/1023261_450.png
2026,,992468,Rowan Marshall,,,https://fantasy.afl.com.au/assets/media/players/afl/992468_450.png
2026,,1004965,Tristan Xerri,,,https://fantasy.afl.com.au/assets/media/players/afl/1004965_450.png
2026,,998659,Luke Ryan,,,https://fantasy.afl.com.au/assets/media/players/afl/998659_450.png
2026,,294305,Lachie Whitfield,,,https://fantasy.afl.com.au/assets/media/players/afl/294305_450.png
2026,,1002232,Andrew Brayshaw,,,https://fantasy.afl.com.au/assets/media/players/afl/1002232_450.png
2026,,1009528,Tom Green,,,https://fantasy.afl.com.au/assets/media/players/afl/1009528_450.png
2026,,1006094,Sam Walsh,,,https://fantasy.afl.com.au/assets/media/players/afl/1006094_450.png
2026,,1013128,Errol Gulden,,,https://fantasy.afl.com.au/assets/media/players/afl/1013128_450.png
2026,,297907,Nic Newman,,,https://fantasy.afl.com.au/assets/media/players/afl/297907_450.png
2026,,1009199,Noah Anderson,,,https://fantasy.afl.com.au/assets/media/players/afl/1009199_450.png
2026,,290528,Max Gawn,,,https://fantasy.afl.com.au/assets/media/players/afl/290528_450.png
2026,,1023518,Harry Sheezel,,,https://fantasy.afl.com.au/assets/media/players/afl/1023518_450.png
2026,,261224,Dayne Zorko,,,https://fantasy.afl.com.au/assets/media/players/afl/261224_450.png
2026,,990704,Patrick Cripps,,,https://fantasy.afl.com.au/assets/media/players/afl/990704_450.png
2026,,296205,Jack Steele,,,https://fantasy.afl.com.au/assets/media/players/afl/296205_450.png
2026,,992016,Zach Merrett,,,https://fantasy.afl.com.au/assets/media/players/afl/992016_450.png
2026,,291790,Adam Treloar,,,https://fantasy.afl.com.au/assets/media/players/afl/291790_450.png
2026,,1026850,Nic Martin,,,https://fantasy.afl.com.au/assets/media/players/afl/1026850_450.png
2026,,993834,Josh Dunkley,,,https://fantasy.afl.com.au/assets/media/players/afl/993834_450.png
2026,,1015507,Nasiah Wanganeen-Milera,,,https://fantasy.afl.com.au/assets/media/players/afl/1015507_450.png
2026,,297401,Matt Crouch,,,https://fantasy.afl.com.au/assets/media/players/afl/297401_450.png
2026,,1020895,Jai Newcombe,,,https://fantasy.afl.com.au/assets/media/players/afl/1020895_450.png
2026,,992242,Jordan Dawson,,,https://fantasy.afl.com.au/assets/media/players/afl/992242_450.png
2026,,1009208,Matt Rowell,,,https://fantasy.afl.com.au/assets/media/players/afl/1009208_450.png
2026,,1009420,Caleb Serong,,,https://fantasy.afl.com.au/assets/media/players/afl/1009420_450.png
2026,,293535,Lachie Neale,,,https://fantasy.afl.com.au/assets/media/players/afl/293535_450.png
2026,,1024272,Colby McKercher,,,https://fantasy.afl.com.au/assets/media/players/afl/1024272_450.png
2026,,998172,Tim Taranto,,,https://fantasy.afl.com.au/assets/media/players/afl/998172_450.png
2026,,297523,Reilly O'Brien,,,https://fantasy.afl.com.au/assets/media/players/afl/297523_450.png
2026,,293957,Brodie Grundy,,,https://fantasy.afl.com.au/assets/media/players/afl/293957_450.png
2026,,1006121,Zak Butters,,,https://fantasy.afl.com.au/assets/media/players/afl/1006121_450.png
2026,,297373,Marcus Bontempelli,,,https://fantasy.afl.com.au/assets/media/players/afl/297373_450.png
2026,,291856,Tom Mitchell,,,https://fantasy.afl.com.au/assets/media/players/afl/291856_450.png
2026,,1005054,Josh Daicos,,,https://fantasy.afl.com.au/assets/media/players/afl/1005054_450.png
2026,,994389,Jack Sinclair,,,https://fantasy.afl.com.au/assets/media/players/afl/994389_450.png
2026,,1002267,Luke Davies-Uniacke,,,https://fantasy.afl.com.au/assets/media/players/afl/1002267_450.png
2026,,298174,Toby Nankervis,,,https://fantasy.afl.com.au/assets/media/players/afl/298174_450.png
2026,,1004592,Tim English,,,https://fantasy.afl.com.au/assets/media/players/afl/1004592_450.png
2026,,1009260,Sam Flanders,,,https://fantasy.afl.com.au/assets/media/players/afl/1009260_450.png
2026,,1005521,Oscar McInerney,,,https://fantasy.afl.com.au/assets/media/players/afl/1005521_450.png
2026,,293222,Rory Laird,,,https://fantasy.afl.com.au/assets/media/players/afl/293222_450.png
2026,,291975,Jarrod Witts,,,https://fantasy.afl.com.au/assets/media/players/afl/291975_450.png
2026,,294036,George Hewett,,,https://fantasy.afl.com.au/assets/media/players/afl/294036_450.png
2026,,1000980,Lloyd Meek,,,https://fantasy.afl.com.au/assets/media/players/afl/1000980_450.png
2026,,1000978,Hugh McCluggage,,,https://fantasy.afl.com.au/assets/media/players/afl/1000978_450.png
2026,,298539,Isaac Heeney,,,https://fantasy.afl.com.au/assets/media/players/afl/298539_450.png
2026,,992049,Jayden Short,,,https://fantasy.afl.com.au/assets/media/players/afl/992049_450.png
2026,,298272,Touk Miller,,,https://fantasy.afl.com.au/assets/media/players/afl/298272_450.png
2026,,993817,Darcy Parish,,,https://fantasy.afl.com.au/assets/media/players/afl/993817_450.png
2026,,1006126,James Rowbottom,,,https://fantasy.afl.com.au/assets/media/players/afl/1006126_450.png
2026,,1001026,Jordan Ridley,,,https://fantasy.afl.com.au/assets/media/players/afl/1001026_450.png
2026,,992330,Jordon Sweet,,,https://fantasy.afl.com.au/assets/media/players/afl/992330_450.png
2026,,1006103,Jye Caldwell,,,https://fantasy.afl.com.au/assets/media/players/afl/1006103_450.png
2026,,294318,Ollie Wines,,,https://fantasy.afl.com.au/assets/media/players/afl/294318_450.png
2026,,1012014,Chad Warner,,,https://fantasy.afl.com.au/assets/media/players/afl/1012014_450.png
2026,,291800,Tom Stewart,,,https://fantasy.afl.com.au/assets/media/players/afl/291800_450.png
2026,,291902,Jack Viney,,,https://fantasy.afl.com.au/assets/media/players/afl/291902_450.png
2026,,1006152,Jordan Clark,,,https://fantasy.afl.com.au/assets/media/players/afl/1006152_450.png
2026,,994295,Dan Houston,,,https://fantasy.afl.com.au/assets/media/players/afl/994295_450.png
2026,,298210,Christian Petracca,,,https://fantasy.afl.com.au/assets/media/players/afl/298210_450.png
2026,,1001299,Connor Rozee,,,https://fantasy.afl.com.au/assets/media/players/afl/1001299_450.png
2026,,996708,Bailey Dale,,,https://fantasy.afl.com.au/assets/media/players/afl/996708_450.png
2026,,1023517,Will Ashcroft,,,https://fantasy.afl.com.au/assets/media/players/afl/1023517_450.png
2026,,996701,Clayton Oliver,,,https://fantasy.afl.com.au/assets/media/players/afl/996701_450.png
2026,,1009256,Hayden Young,,,https://fantasy.afl.com.au/assets/media/players/afl/1009256_450.png
2026,,296347,Josh Kelly,,,https://fantasy.afl.com.au/assets/media/players/afl/296347_450.png
2026,,1006136,Lachlan Sholl,,,https://fantasy.afl.com.au/assets/media/players/afl/1006136_450.png
2026,,292128,Elliot Yeo,,,https://fantasy.afl.com.au/assets/media/players/afl/292128_450.png
2026,,997078,Mason Redman,,,https://fantasy.afl.com.au/assets/media/players/afl/997078_450.png
2026,,295898,Tim Kelly,,,https://fantasy.afl.com.au/assets/media/players/afl/295898_450.png
2026,,1015889,Max Holmes,,,https://fantasy.afl.com.au/assets/media/players/afl/1015889_450.png
2026,,298268,Liam Duggan,,,https://fantasy.afl.com.au/assets/media/players/afl/298268_450.png
2026,,999827,Zac Fisher,,,https://fantasy.afl.com.au/assets/media/players/afl/999827_450.png
2026,,1005144,Massimo D'Ambrosio,,,https://fantasy.afl.com.au/assets/media/players/afl/1005144_450.png
2026,,1008436,Kieren Briggs,,,https://fantasy.afl.com.au/assets/media/players/afl/1008436_450.png
2026,,290799,Tom Liberatore,,,https://fantasy.afl.com.au/assets/media/players/afl/290799_450.png
2026,,998215,Will Setterfield,,,https://fantasy.afl.com.au/assets/media/players/afl/998215_450.png
2026,,295518,Sam Docherty,,,https://fantasy.afl.com.au/assets/media/players/afl/295518_450.png
2026,,294674,Nick Vlastuin,,,https://fantasy.afl.com.au/assets/media/players/afl/294674_450.png
2026,,998129,Will Brodie,,,https://fantasy.afl.com.au/assets/media/players/afl/998129_450.png
2026,,297354,Karl Amon,,,https://fantasy.afl.com.au/assets/media/players/afl/297354_450.png
2026,,993903,Jacob Hopper,,,https://fantasy.afl.com.au/assets/media/players/afl/993903_450.png
2026,,295342,Jake Lloyd,,,https://fantasy.afl.com.au/assets/media/players/afl/295342_450.png
2026,,1006314,Dylan Moore,,,https://fantasy.afl.com.au/assets/media/players/afl/1006314_450.png
2026,,297566,James Sicily,,,https://fantasy.afl.com.au/assets/media/players/afl/297566_450.png
2026,,990291,Darcy Cameron,,,https://fantasy.afl.com.au/assets/media/players/afl/990291_450.png
2026,,998145,Sean Darcy,,,https://fantasy.afl.com.au/assets/media/players/afl/998145_450.png
2026,,1012210,Matt Roberts,,,https://fantasy.afl.com.au/assets/media/players/afl/1012210_450.png
2026,,1002222,James Worpel,,,https://fantasy.afl.com.au/assets/media/players/afl/1002222_450.png
2026,,1000972,Willem Drew,,,https://fantasy.afl.com.au/assets/media/players/afl/1000972_450.png
2026,,296294,Blake Acres,,,https://fantasy.afl.com.au/assets/media/players/afl/296294_450.png
2026,,998133,Jarrod Berry,,,https://fantasy.afl.com.au/assets/media/players/afl/998133_450.png
2026,,1006058,Bailey Scott,,,https://fantasy.afl.com.au/assets/media/players/afl/1006058_450.png
2026,,298264,Ed Langdon,,,https://fantasy.afl.com.au/assets/media/players/afl/298264_450.png
2026,,998102,Andrew McGrath,,,https://fantasy.afl.com.au/assets/media/players/afl/998102_450.png
2026,,1000981,Daniel Rioli,,,https://fantasy.afl.com.au/assets/media/players/afl/1000981_450.png
2026,,1023266,Finn Callaghan,,,https://fantasy.afl.com.au/assets/media/players/afl/1023266_450.png
2026,,1008550,Will Day,,,https://fantasy.afl.com.au/assets/media/players/afl/1008550_450.png
2026,,1011640,Jason Horne-Francis,,,https://fantasy.afl.com.au/assets/media/players/afl/1011640_450.png
2026,,293871,Jack Crisp,,,https://fantasy.afl.com.au/assets/media/players/afl/293871_450.png
2026,,1008280,Ed Richards,,,https://fantasy.afl.com.au/assets/media/players/afl/1008280_450.png
2026,,296324,Jesse Hogan,,,https://fantasy.afl.com.au/assets/media/players/afl/296324_450.png
2026,,296359,Christian Salem,,,https://fantasy.afl.com.au/assets/media/players/afl/296359_450.png
2026,,291969,Stephen Coniglio,,,https://fantasy.afl.com.au/assets/media/players/afl/291969_450.png
2026,,290627,Dion Prestia,,,https://fantasy.afl.com.au/assets/media/players/afl/290627_450.png
2026,,993998,Jy Simpkin,,,https://fantasy.afl.com.au/assets/media/players/afl/993998_450.png
2026,,280965,Steele Sidebottom,,,https://fantasy.afl.com.au/assets/media/players/afl/280965_450.png
2026,,293845,Jeremy Cameron,,,https://fantasy.afl.com.au/assets/media/players/afl/293845_450.png
2026,,1015810,Sam Durham,,,https://fantasy.afl.com.au/assets/media/players/afl/1015810_450.png
2026,,1023477,George Wardlaw,,,https://fantasy.afl.com.au/assets/media/players/afl/1023477_450.png
2026,,291783,Dylan Shiel,,,https://fantasy.afl.com.au/assets/media/players/afl/291783_450.png
2026,,1006028,Nick Blakey,,,https://fantasy.afl.com.au/assets/media/players/afl/1006028_450.png
2026,,1021013,Ned Moyle,,,https://fantasy.afl.com.au/assets/media/players/afl/1021013_450.png
2026,,1006130,Bailey Smith,,,https://fantasy.afl.com.au/assets/media/players/afl/1006130_450.png
2026,,998260,Jack Bowes,,,https://fantasy.afl.com.au/assets/media/players/afl/998260_450.png
2026,,996731,Charlie Curnow,,,https://fantasy.afl.com.au/assets/media/players/afl/996731_450.png
2026,,1017109,Jake Soligo,,,https://fantasy.afl.com.au/assets/media/players/afl/1017109_450.png
2026,,1001398,Matthew Kennedy,,,https://fantasy.afl.com.au/assets/media/players/afl/1001398_450.png
2026,,296420,Alex Neal-Bullen,,,https://fantasy.afl.com.au/assets/media/players/afl/296420_450.png
2026,,1006096,Xavier Duursma,,,https://fantasy.afl.com.au/assets/media/players/afl/1006096_450.png
2026,,1009378,Trent Rivers,,,https://fantasy.afl.com.au/assets/media/players/afl/1009378_450.png
2026,,1009380,Jeremy Sharp,,,https://fantasy.afl.com.au/assets/media/players/afl/1009380_450.png
2026,,1002239,Adam Cerra,,,https://fantasy.afl.com.au/assets/media/players/afl/1002239_450.png
2026,,1004870,Zach Guthrie,,,https://fantasy.afl.com.au/assets/media/players/afl/1004870_450.png
2026,,260257,Scott Pendlebury,,,https://fantasy.afl.com.au/assets/media/players/afl/260257_450.png
2026,,1013464,Lawson Humphries,,,https://fantasy.afl.com.au/assets/media/players/afl/1013464_450.png
2026,,1009253,Lachie Ash,,,https://fantasy.afl.com.au/assets/media/players/afl/1009253_450.png
2026,,994185,Jordan De Goey,,,https://fantasy.afl.com.au/assets/media/players/afl/994185_450.png
2026,,290550,Cameron Guthrie,,,https://fantasy.afl.com.au/assets/media/players/afl/290550_450.png
2026,,993107,Harry Himmelberg,,,https://fantasy.afl.com.au/assets/media/players/afl/993107_450.png
2026,,295265,Nick Haynes,,,https://fantasy.afl.com.au/assets/media/players/afl/295265_450.png
2026,,1006114,Bailey J. Williams,,,https://fantasy.afl.com.au/assets/media/players/afl/1006114_450.png
2026,,1001024,Ned Reeves,,,https://fantasy.afl.com.au/assets/media/players/afl/1001024_450.png
2026,,1011659,Tom Powell,,,https://fantasy.afl.com.au/assets/media/players/afl/1011659_450.png
2026,,993902,Matt Flynn,,,https://fantasy.afl.com.au/assets/media/players/afl/993902_450.png
2026,,1013462,Jase Burgoyne,,,https://fantasy.afl.com.au/assets/media/players/afl/1013462_450.png
2026,,1002264,Hunter Clark,,,https://fantasy.afl.com.au/assets/media/players/afl/1002264_450.png
2026,,270917,Patrick Dangerfield,,,https://fantasy.afl.com.au/assets/media/players/afl/270917_450.png
2026,,1004863,Mitchell Hinge,,,https://fantasy.afl.com.au/assets/media/players/afl/1004863_450.png
2026,,993905,Callum Mills,,,https://fantasy.afl.com.au/assets/media/players/afl/993905_450.png
2026,,281085,Steven May,,,https://fantasy.afl.com.au/assets/media/players/afl/281085_450.png
2026,,1004938,Gryan Miers,,,https://fantasy.afl.com.au/assets/media/players/afl/1004938_450.png
2026,,1012807,Sam Berry,,,https://fantasy.afl.com.au/assets/media/players/afl/1012807_450.png
2026,,280317,Rhys Stanley,,,https://fantasy.afl.com.au/assets/media/players/afl/280317_450.png
2026,,1000963,Harry Morrison,,,https://fantasy.afl.com.au/assets/media/players/afl/1000963_450.png
2026,,1007124,Conor Nash,,,https://fantasy.afl.com.au/assets/media/players/afl/1007124_450.png
2026,,295340,Mason Wood,,,https://fantasy.afl.com.au/assets/media/players/afl/295340_450.png
2026,,1000953,Harry McKay,,,https://fantasy.afl.com.au/assets/media/players/afl/1000953_450.png
2026,,1008752,Kieran Strachan,,,https://fantasy.afl.com.au/assets/media/players/afl/1008752_450.png
2026,,298211,Darcy Fort,,,https://fantasy.afl.com.au/assets/media/players/afl/298211_450.png
2026,,1020339,Angus Sheldrick,,,https://fantasy.afl.com.au/assets/media/players/afl/1020339_450.png
2026,,1002253,Kane Farrell,,,https://fantasy.afl.com.au/assets/media/players/afl/1002253_450.png
2026,,992128,Ryan Burton,,,https://fantasy.afl.com.au/assets/media/players/afl/992128_450.png
2026,,992351,Bailey Williams,,,https://fantasy.afl.com.au/assets/media/players/afl/992351_450.png
2026,,294101,Jason Johannisen,,,https://fantasy.afl.com.au/assets/media/players/afl/294101_450.png
2026,,1004912,Tom De Koning,,,https://fantasy.afl.com.au/assets/media/players/afl/1004912_450.png
2026,,998103,Oliver Florent,,,https://fantasy.afl.com.au/assets/media/players/afl/998103_450.png
2026,,993878,Shaun Mannagh,,,https://fantasy.afl.com.au/assets/media/players/afl/993878_450.png
2026,,281065,Mitch Duncan,,,https://fantasy.afl.com.au/assets/media/players/afl/281065_450.png
2026,,295136,Caleb Daniel,,,https://fantasy.afl.com.au/assets/media/players/afl/295136_450.png
2026,,294859,Jeremy McGovern,,,https://fantasy.afl.com.au/assets/media/players/afl/294859_450.png
2026,,1006133,Jack Ross,,,https://fantasy.afl.com.au/assets/media/players/afl/1006133_450.png
2026,,271129,Todd Goldstein,,,https://fantasy.afl.com.au/assets/media/players/afl/271129_450.png
2026,,998529,Ivan Soldo,,,https://fantasy.afl.com.au/assets/media/players/afl/998529_450.png
2026,,1017094,Connor Macdonald,,,https://fantasy.afl.com.au/assets/media/players/afl/1017094_450.png
2026,,994386,Tom Atkins,,,https://fantasy.afl.com.au/assets/media/players/afl/994386_450.png
2026,,1008083,Connor Idun,,,https://fantasy.afl.com.au/assets/media/players/afl/1008083_450.png
2026,,1002251,Brent Daniels,,,https://fantasy.afl.com.au/assets/media/players/afl/1002251_450.png
2026,,1012862,Elijah Hollands,,,https://fantasy.afl.com.au/assets/media/players/afl/1012862_450.png
2026,,296351,Jack Billings,,,https://fantasy.afl.com.au/assets/media/players/afl/296351_450.png
2026,,1007881,Wil Powell,,,https://fantasy.afl.com.au/assets/media/players/afl/1007881_450.png
2026,,295467,Jack Macrae,,,https://fantasy.afl.com.au/assets/media/players/afl/295467_450.png
2026,,993799,Brayden Fiorini,,,https://fantasy.afl.com.au/assets/media/players/afl/993799_450.png
2026,,1017067,Darcy Wilmot,,,https://fantasy.afl.com.au/assets/media/players/afl/1017067_450.png
2026,,1001195,Izak Rankine,,,https://fantasy.afl.com.au/assets/media/players/afl/1001195_450.png
2026,,1012805,Tanner Bruhn,,,https://fantasy.afl.com.au/assets/media/players/afl/1012805_450.png
2026,,1000072,John Noble,,,https://fantasy.afl.com.au/assets/media/players/afl/1000072_450.png
2026,,1006013,James Peatling,,,https://fantasy.afl.com.au/assets/media/players/afl/1006013_450.png
2026,,1006059,Keidean Coleman,,,https://fantasy.afl.com.au/assets/media/players/afl/1006059_450.png
2026,,280109,Callan Ward,,,https://fantasy.afl.com.au/assets/media/players/afl/280109_450.png
2026,,996554,Jake Waterman,,,https://fantasy.afl.com.au/assets/media/players/afl/996554_450.png
2026,,1009399,Luke Jackson,,,https://fantasy.afl.com.au/assets/media/players/afl/1009399_450.png
2026,,1003130,Patrick Lipinski,,,https://fantasy.afl.com.au/assets/media/players/afl/1003130_450.png
2026,,1011936,Justin McInerney,,,https://fantasy.afl.com.au/assets/media/players/afl/1011936_450.png
2026,,993946,Ben Keays,,,https://fantasy.afl.com.au/assets/media/players/afl/993946_450.png
2026,,298290,Marc Pittonet,,,https://fantasy.afl.com.au/assets/media/players/afl/298290_450.png
2026,,250365,Travis Boak,,,https://fantasy.afl.com.au/assets/media/players/afl/250365_450.png
2026,,1012829,Will Phillips,,,https://fantasy.afl.com.au/assets/media/players/afl/1012829_450.png
2026,,999391,Tom Sparrow,,,https://fantasy.afl.com.au/assets/media/players/afl/999391_450.png
2026,,296254,Jarman Impey,,,https://fantasy.afl.com.au/assets/media/players/afl/296254_450.png
2026,,993993,Shai Bolton,,,https://fantasy.afl.com.au/assets/media/players/afl/993993_450.png
2026,,1039499,Jaime Uhr-Henry,,,https://fantasy.afl.com.au/assets/media/players/afl/1039499_450.png
2026,,1000223,Liam Baker,,,https://fantasy.afl.com.au/assets/media/players/afl/1000223_450.png
2026,,1009191,Miles Bergman,,,https://fantasy.afl.com.au/assets/media/players/afl/1009191_450.png
2026,,1015329,Billy Dowling,,,https://fantasy.afl.com.au/assets/media/players/afl/1015329_450.png
2026,,296422,Callum Wilkie,,,https://fantasy.afl.com.au/assets/media/players/afl/296422_450.png
2026,,992010,Brayden Maynard,,,https://fantasy.afl.com.au/assets/media/players/afl/992010_450.png
2026,,1012825,Jake Bowey,,,https://fantasy.afl.com.au/assets/media/players/afl/1012825_450.png
2026,,1025034,Oliver Dempsey,,,https://fantasy.afl.com.au/assets/media/players/afl/1025034_450.png
2026,,998114,Jack Scrimshaw,,,https://fantasy.afl.com.au/assets/media/players/afl/998114_450.png
2026,,1013224,Heath Chapman,,,https://fantasy.afl.com.au/assets/media/players/afl/1013224_450.png
2026,,997142,Peter Ladhams,,,https://fantasy.afl.com.au/assets/media/players/afl/997142_450.png
2026,,295584,Bradley Hill,,,https://fantasy.afl.com.au/assets/media/players/afl/295584_450.png
2026,,1027702,Lachlan Smith,,,https://fantasy.afl.com.au/assets/media/players/afl/1027702_450.png
2026,,1017939,Ryley Sanders,,,https://fantasy.afl.com.au/assets/media/players/afl/1017939_450.png
2026,,1015886,Max Heath,,,https://fantasy.afl.com.au/assets/media/players/afl/1015886_450.png
2026,,1021660,Mate Colina,,,https://fantasy.afl.com.au/assets/media/players/afl/1021660_450.png
2026,,1027011,Alex Dodson,,,https://fantasy.afl.com.au/assets/media/players/afl/1027011_450.png
2026,,1035199,Oliver Hayes-Brown,,,https://fantasy.afl.com.au/assets/media/players/afl/1035199_450.png
2026,,1023270,Marcus Windhager,,,https://fantasy.afl.com.au/assets/media/players/afl/1023270_450.png
2026,,1031506,Taylor Goad,,,https://fantasy.afl.com.au/assets/media/players/afl/1031506_450.png
2026,,1013257,Sam Clohesy,,,https://fantasy.afl.com.au/assets/media/players/afl/1013257_450.png
2026,,294613,Jaeger O'Meara,,,https://fantasy.afl.com.au/assets/media/players/afl/294613_450.png
2026,,1002312,Zac Bailey,,,https://fantasy.afl.com.au/assets/media/players/afl/1002312_450.png
2026,,998205,Harry Perryman,,,https://fantasy.afl.com.au/assets/media/players/afl/998205_450.png
2026,,1011994,Ryan Byrnes,,,https://fantasy.afl.com.au/assets/media/players/afl/1011994_450.png
2026,,1027901,William Green,,,https://fantasy.afl.com.au/assets/media/players/afl/1027901_450.png
2026,,295461,Adam Saad,,,https://fantasy.afl.com.au/assets/media/players/afl/295461_450.png
2026,,296296,Dom Sheed,,,https://fantasy.afl.com.au/assets/media/players/afl/296296_450.png
2026,,294472,Rory Atkins,,,https://fantasy.afl.com.au/assets/media/players/afl/294472_450.png
2026,,991988,Zak Jones,,,https://fantasy.afl.com.au/assets/media/players/afl/991988_450.png
2026,,1023495,Oliver Hollands,,,https://fantasy.afl.com.au/assets/media/players/afl/1023495_450.png
2026,,1011954,Nick Bryan,,,https://fantasy.afl.com.au/assets/media/players/afl/1011954_450.png
2026,,1017063,Toby Conway,,,https://fantasy.afl.com.au/assets/media/players/afl/1017063_450.png
2026,,998134,Josh Battle,,,https://fantasy.afl.com.au/assets/media/players/afl/998134_450.png
2026,,290778,Luke Parker,,,https://fantasy.afl.com.au/assets/media/players/afl/290778_450.png
2026,,297899,James Harmes,,,https://fantasy.afl.com.au/assets/media/players/afl/297899_450.png
2026,,1000864,Lachlan Bramble,,,https://fantasy.afl.com.au/assets/media/players/afl/1000864_450.png
2026,,1027701,Max Knobel,,,https://fantasy.afl.com.au/assets/media/players/afl/1027701_450.png
2026,,295067,James Aish,,,https://fantasy.afl.com.au/assets/media/players/afl/295067_450.png
2026,,1015473,Will Verrall,,,https://fantasy.afl.com.au/assets/media/players/afl/1015473_450.png
2026,,1011589,Caleb Poulter,,,https://fantasy.afl.com.au/assets/media/players/afl/1011589_450.png
2026,,1001396,Isaac Cumming,,,https://fantasy.afl.com.au/assets/media/players/afl/1001396_450.png
2026,,295344,Toby Greene,,,https://fantasy.afl.com.au/assets/media/players/afl/295344_450.png
2026,,993794,Blake Hardwick,,,https://fantasy.afl.com.au/assets/media/players/afl/993794_450.png
2026,,1017110,Josh Ward,,,https://fantasy.afl.com.au/assets/media/players/afl/1017110_450.png
2026,,1023492,Harley Reid,,,https://fantasy.afl.com.au/assets/media/players/afl/1023492_450.png
2026,,1016825,Matthew Johnson,,,https://fantasy.afl.com.au/assets/media/players/afl/1016825_450.png
2026,,291776,Taylor Adams,,,https://fantasy.afl.com.au/assets/media/players/afl/291776_450.png
2026,,990882,Wayne Milera,,,https://fantasy.afl.com.au/assets/media/players/afl/990882_450.png
2026,,990827,Jack Graham,,,https://fantasy.afl.com.au/assets/media/players/afl/990827_450.png
2026,,1012857,Jack Ginnivan,,,https://fantasy.afl.com.au/assets/media/players/afl/1012857_450.png
2026,,297255,Mitch McGovern,,,https://fantasy.afl.com.au/assets/media/players/afl/297255_450.png
2026,,298524,Lachie Weller,,,https://fantasy.afl.com.au/assets/media/players/afl/298524_450.png
2026,,1015873,Archie Perkins,,,https://fantasy.afl.com.au/assets/media/players/afl/1015873_450.png
2026,,1013220,Nathan O'Driscoll,,,https://fantasy.afl.com.au/assets/media/players/afl/1013220_450.png
2026,,1012819,Josh Treacy,,,https://fantasy.afl.com.au/assets/media/players/afl/1012819_450.png
2026,,1019938,Logan Evans,,,https://fantasy.afl.com.au/assets/media/players/afl/1019938_450.png
2026,,1002256,Paddy Dow,,,https://fantasy.afl.com.au/assets/media/players/afl/1002256_450.png
2026,,1021031,Luke Nankervis,,,https://fantasy.afl.com.au/assets/media/players/afl/1021031_450.png
2026,,1017665,Bodhi Uwland,,,https://fantasy.afl.com.au/assets/media/players/afl/1017665_450.png
2026,,291313,Jeremy Howe,,,https://fantasy.afl.com.au/assets/media/players/afl/291313_450.png
2026,,1027704,Joel Freijah,,,https://fantasy.afl.com.au/assets/media/players/afl/1027704_450.png
2026,,1028291,Coen Livingstone,,,https://fantasy.afl.com.au/assets/media/players/afl/1028291_450.png
2026,,1020057,Harry Barnett,,,https://fantasy.afl.com.au/assets/media/players/afl/1020057_450.png
2026,,296733,Mark Blicavs,,,https://fantasy.afl.com.au/assets/media/players/afl/296733_450.png
2026,,1013268,Alex Davies,,,https://fantasy.afl.com.au/assets/media/players/afl/1013268_450.png
2026,,298630,Kyle Langford,,,https://fantasy.afl.com.au/assets/media/players/afl/298630_450.png
2026,,1026960,Will Graham,,,https://fantasy.afl.com.au/assets/media/players/afl/1026960_450.png
2026,,1002404,Aaron Naughton,,,https://fantasy.afl.com.au/assets/media/players/afl/1002404_450.png
2026,,996765,Tom Papley,,,https://fantasy.afl.com.au/assets/media/players/afl/996765_450.png
2026,,291548,Ryan Lester,,,https://fantasy.afl.com.au/assets/media/players/afl/291548_450.png
2026,,291748,Brodie Smith,,,https://fantasy.afl.com.au/assets/media/players/afl/291748_450.png
2026,,1020137,Mattaes Phillipou,,,https://fantasy.afl.com.au/assets/media/players/afl/1020137_450.png
2026,,993816,Darcy Tucker,,,https://fantasy.afl.com.au/assets/media/players/afl/993816_450.png
2026,,1017126,Sam Darcy,,,https://fantasy.afl.com.au/assets/media/players/afl/1017126_450.png
2026,,1008541,Kysaiah Pickett,,,https://fantasy.afl.com.au/assets/media/players/afl/1008541_450.png
2026,,1023515,Archie Roberts,,,https://fantasy.afl.com.au/assets/media/players/afl/1023515_450.png
2026,,1006144,Ben King,,,https://fantasy.afl.com.au/assets/media/players/afl/1006144_450.png
2026,,1017065,Zac Taylor,,,https://fantasy.afl.com.au/assets/media/players/afl/1017065_450.png
2026,,997846,Conor McKenna,,,https://fantasy.afl.com.au/assets/media/players/afl/997846_450.png
2026,,1002235,Cam Rayner,,,https://fantasy.afl.com.au/assets/media/players/afl/1002235_450.png
2026,,1027875,Darcy Wilson,,,https://fantasy.afl.com.au/assets/media/players/afl/1027875_450.png
2026,,296355,Luke McDonald,,,https://fantasy.afl.com.au/assets/media/players/afl/296355_450.png
2026,,998130,Ben Ainsworth,,,https://fantasy.afl.com.au/assets/media/players/afl/998130_450.png
2026,,1009226,Thomson Dow,,,https://fantasy.afl.com.au/assets/media/players/afl/1009226_450.png
2026,,990290,Tom Barrass,,,https://fantasy.afl.com.au/assets/media/players/afl/990290_450.png
2026,,1014026,Kai Lohmann,,,https://fantasy.afl.com.au/assets/media/players/afl/1014026_450.png
2026,,993832,Jacob Weitering,,,https://fantasy.afl.com.au/assets/media/players/afl/993832_450.png
2026,,1010174,Mitch Georgiades,,,https://fantasy.afl.com.au/assets/media/players/afl/1010174_450.png
2026,,291570,Nat Fyfe,,,https://fantasy.afl.com.au/assets/media/players/afl/291570_450.png
2026,,1005053,Noah Answerth,,,https://fantasy.afl.com.au/assets/media/players/afl/1005053_450.png
2026,,1008139,Toby Bedford,,,https://fantasy.afl.com.au/assets/media/players/afl/1008139_450.png
2026,,1029159,Kayle Gerreyn,,,https://fantasy.afl.com.au/assets/media/players/afl/1029159_450.png
2026,,1008855,Oskar Baker,,,https://fantasy.afl.com.au/assets/media/players/afl/1008855_450.png
2026,,295203,Nathan Broad,,,https://fantasy.afl.com.au/assets/media/players/afl/295203_450.png
2026,,1023743,Nicholas Madden,,,https://fantasy.afl.com.au/assets/media/players/afl/1023743_450.png
2026,,1032161,Logan Smith,,,https://fantasy.afl.com.au/assets/media/players/afl/1032161_450.png
2026,,1015370,Max Michalanney,,,https://fantasy.afl.com.au/assets/media/players/afl/1015370_450.png
2026,,1017051,Josh Rachele,,,https://fantasy.afl.com.au/assets/media/players/afl/1017051_450.png
2026,,294643,Alex Sexton,,,https://fantasy.afl.com.au/assets/media/players/afl/294643_450.png
2026,,1023482,Cam Mackenzie,,,https://fantasy.afl.com.au/assets/media/players/afl/1023482_450.png
2026,,1009421,Finn Maginness,,,https://fantasy.afl.com.au/assets/media/players/afl/1009421_450.png
2026,,1017128,Dante Visentini,,,https://fantasy.afl.com.au/assets/media/players/afl/1017128_450.png
2026,,1023346,Liam Reidy,,,https://fantasy.afl.com.au/assets/media/players/afl/1023346_450.png
2026,,1023708,Jaspa Fletcher,,,https://fantasy.afl.com.au/assets/media/players/afl/1023708_450.png
2026,,290826,Jamie Cripps,,,https://fantasy.afl.com.au/assets/media/players/afl/290826_450.png
2026,,1008454,Connor Budarick,,,https://fantasy.afl.com.au/assets/media/players/afl/1008454_450.png
2026,,1020250,Neil Erasmus,,,https://fantasy.afl.com.au/assets/media/players/afl/1020250_450.png
2026,,990609,Charlie Cameron,,,https://fantasy.afl.com.au/assets/media/players/afl/990609_450.png
2026,,1005577,Sam Draper,,,https://fantasy.afl.com.au/assets/media/players/afl/1005577_450.png
2026,,280506,Taylor Walker,,,https://fantasy.afl.com.au/assets/media/players/afl/280506_450.png
2026,,994385,Jayden Hunt,,,https://fantasy.afl.com.au/assets/media/players/afl/994385_450.png
2026,,1006143,Max King,,,https://fantasy.afl.com.au/assets/media/players/afl/1006143_450.png
2026,,294596,Tim Membrey,,,https://fantasy.afl.com.au/assets/media/players/afl/294596_450.png
2026,,1028228,Aiden Riddle,,,https://fantasy.afl.com.au/assets/media/players/afl/1028228_450.png
2026,,1009195,Dylan Williams,,,https://fantasy.afl.com.au/assets/media/players/afl/1009195_450.png
2026,,293813,Tom Lynch,,,https://fantasy.afl.com.au/assets/media/players/afl/293813_450.png
2026,,1006203,Chayce Jones,,,https://fantasy.afl.com.au/assets/media/players/afl/1006203_450.png
2026,,1023167,Brady Hough,,,https://fantasy.afl.com.au/assets/media/players/afl/1023167_450.png
2026,,993940,Corey Wagner,,,https://fantasy.afl.com.au/assets/media/players/afl/993940_450.png
2026,,998484,Cameron Zurhaar,,,https://fantasy.afl.com.au/assets/media/players/afl/998484_450.png
2026,,1009301,Jamarra Ugle-Hagan,,,https://fantasy.afl.com.au/assets/media/players/afl/1009301_450.png
2026,,291351,Jack Gunston,,,https://fantasy.afl.com.au/assets/media/players/afl/291351_450.png
2026,,1023489,Hudson O'Keeffe,,,https://fantasy.afl.com.au/assets/media/players/afl/1023489_450.png
2026,,1023785,Elijah Tsatas,,,https://fantasy.afl.com.au/assets/media/players/afl/1023785_450.png
2026,,992059,Sam Switkowski,,,https://fantasy.afl.com.au/assets/media/players/afl/992059_450.png
2026,,1013409,James Jordon,,,https://fantasy.afl.com.au/assets/media/players/afl/1013409_450.png
2026,,1032108,Cooper Lord,,,https://fantasy.afl.com.au/assets/media/players/afl/1032108_450.png
2026,,1022844,Oscar Steene,,,https://fantasy.afl.com.au/assets/media/players/afl/1022844_450.png
2026,,1027834,Iliro Smit,,,https://fantasy.afl.com.au/assets/media/players/afl/1027834_450.png
2026,,293884,Jake Stringer,,,https://fantasy.afl.com.au/assets/media/players/afl/293884_450.png
2026,,1011981,Josh Worrell,,,https://fantasy.afl.com.au/assets/media/players/afl/1011981_450.png
2026,,290085,Taylor Duryea,,,https://fantasy.afl.com.au/assets/media/players/afl/290085_450.png
2026,,997100,Will Hayward,,,https://fantasy.afl.com.au/assets/media/players/afl/997100_450.png
2026,,1024304,Mitchell Edwards,,,https://fantasy.afl.com.au/assets/media/players/afl/1024304_450.png
2026,,1027006,Jacob Molier,,,https://fantasy.afl.com.au/assets/media/players/afl/1027006_450.png
2026,,1027854,Joe Pike,,,https://fantasy.afl.com.au/assets/media/players/afl/1027854_450.png
2026,,1000887,Mitch Lewis,,,https://fantasy.afl.com.au/assets/media/players/afl/1000887_450.png
2026,,1004848,Dylan Stephens,,,https://fantasy.afl.com.au/assets/media/players/afl/1004848_450.png
2026,,993820,Tom Cole,,,https://fantasy.afl.com.au/assets/media/players/afl/993820_450.png
2026,,1013974,Mark Keane,,,https://fantasy.afl.com.au/assets/media/players/afl/1013974_450.png
2026,,1023025,Reuben Ginbey,,,https://fantasy.afl.com.au/assets/media/players/afl/1023025_450.png
2026,,293801,Jamie Elliott,,,https://fantasy.afl.com.au/assets/media/players/afl/293801_450.png
2026,,996059,Harris Andrews,,,https://fantasy.afl.com.au/assets/media/players/afl/996059_450.png
2026,,997230,Tyson Stengle,,,https://fantasy.afl.com.au/assets/media/players/afl/997230_450.png
2026,,1005992,Joel Jeffrey,,,https://fantasy.afl.com.au/assets/media/players/afl/1005992_450.png
2026,,1011803,Cody Weightman,,,https://fantasy.afl.com.au/assets/media/players/afl/1011803_450.png
2026,,1009317,Bruce Reville,,,https://fantasy.afl.com.au/assets/media/players/afl/1009317_450.png
2026,,1000932,Tom Doedee,,,https://fantasy.afl.com.au/assets/media/players/afl/1000932_450.png
2026,,1002227,Jack Higgins,,,https://fantasy.afl.com.au/assets/media/players/afl/1002227_450.png
2026,,293581,Lincoln McCarthy,,,https://fantasy.afl.com.au/assets/media/players/afl/293581_450.png
2026,,291978,Harry Cunningham,,,https://fantasy.afl.com.au/assets/media/players/afl/291978_450.png
2026,,1013230,Logan McDonald,,,https://fantasy.afl.com.au/assets/media/players/afl/1013230_450.png
2026,,999331,Darcy Fogarty,,,https://fantasy.afl.com.au/assets/media/players/afl/999331_450.png
2026,,1023533,Jaxon Binns,,,https://fantasy.afl.com.au/assets/media/players/afl/1023533_450.png
2026,,290246,Tom Campbell,,,https://fantasy.afl.com.au/assets/media/players/afl/290246_450.png
2026,,1031829,James Trezise,,,https://fantasy.afl.com.au/assets/media/players/afl/1031829_450.png
2026,,1004095,Jack Lukosius,,,https://fantasy.afl.com.au/assets/media/players/afl/1004095_450.png
2026,,1005717,Nick Coffield,,,https://fantasy.afl.com.au/assets/media/players/afl/1005717_450.png
2026,,298280,Jayden Laverde,,,https://fantasy.afl.com.au/assets/media/players/afl/298280_450.png
2026,,1017703,Judd McVee,,,https://fantasy.afl.com.au/assets/media/players/afl/1017703_450.png
2026,,1013133,Braeden Campbell,,,https://fantasy.afl.com.au/assets/media/players/afl/1013133_450.png
2026,,291533,Tom McDonald,,,https://fantasy.afl.com.au/assets/media/players/afl/291533_450.png
2026,,1012860,Oliver Henry,,,https://fantasy.afl.com.au/assets/media/players/afl/1012860_450.png
2026,,1001017,Nick Larkey,,,https://fantasy.afl.com.au/assets/media/players/afl/1001017_450.png
2026,,294685,Zac Williams,,,https://fantasy.afl.com.au/assets/media/players/afl/294685_450.png
2026,,298289,Peter Wright,,,https://fantasy.afl.com.au/assets/media/players/afl/298289_450.png
2026,,280744,Luke Breust,,,https://fantasy.afl.com.au/assets/media/players/afl/280744_450.png
2026,,1002401,Brandon Starcevich,,,https://fantasy.afl.com.au/assets/media/players/afl/1002401_450.png
2026,,1023473,Nick Watson,,,https://fantasy.afl.com.au/assets/media/players/afl/1023473_450.png
2026,,993953,Eric Hipwood,,,https://fantasy.afl.com.au/assets/media/players/afl/993953_450.png
2026,,998647,Mason Cox,,,https://fantasy.afl.com.au/assets/media/players/afl/998647_450.png
2026,,298437,Callum Ah Chee,,,https://fantasy.afl.com.au/assets/media/players/afl/298437_450.png
2026,,1007102,Mark O'Connor,,,https://fantasy.afl.com.au/assets/media/players/afl/1007102_450.png
2026,,1000860,Lachie Schultz,,,https://fantasy.afl.com.au/assets/media/players/afl/1000860_450.png
2026,,1001028,Jack Silvagni,,,https://fantasy.afl.com.au/assets/media/players/afl/1001028_450.png
2026,,1027821,Caleb Windsor,,,https://fantasy.afl.com.au/assets/media/players/afl/1027821_450.png
2026,,996692,Marty Hore,,,https://fantasy.afl.com.au/assets/media/players/afl/996692_450.png
2026,,1004364,Liam Ryan,,,https://fantasy.afl.com.au/assets/media/players/afl/1004364_450.png
2026,,1004385,Oscar Allen,,,https://fantasy.afl.com.au/assets/media/players/afl/1004385_450.png
2026,,291720,Will Hoskin-Elliott,,,https://fantasy.afl.com.au/assets/media/players/afl/291720_450.png
2026,,290838,Jack Darling,,,https://fantasy.afl.com.au/assets/media/players/afl/290838_450.png
2026,,1005988,Liam Henry,,,https://fantasy.afl.com.au/assets/media/players/afl/1005988_450.png
2026,,1017124,Ned Long,,,https://fantasy.afl.com.au/assets/media/players/afl/1017124_450.png
2026,,1008384,Riley Thilthorpe,,,https://fantasy.afl.com.au/assets/media/players/afl/1008384_450.png
2026,,998390,Changkuoth Jiath,,,https://fantasy.afl.com.au/assets/media/players/afl/998390_450.png
2026,,1015827,Nik Cox,,,https://fantasy.afl.com.au/assets/media/players/afl/1015827_450.png
2026,,1008123,Jake Riccardi,,,https://fantasy.afl.com.au/assets/media/players/afl/1008123_450.png
2026,,1008089,Isaac Quaynor,,,https://fantasy.afl.com.au/assets/media/players/afl/1008089_450.png
2026,,1017088,Ben Hobbs,,,https://fantasy.afl.com.au/assets/media/players/afl/1017088_450.png
2026,,1006148,Bobby Hill,,,https://fantasy.afl.com.au/assets/media/players/afl/1006148_450.png
2026,,290832,David Swallow,,,https://fantasy.afl.com.au/assets/media/players/afl/290832_450.png
2026,,1008154,Matthew Cottrell,,,https://fantasy.afl.com.au/assets/media/players/afl/1008154_450.png
2026,,294592,Kamdyn McIntosh,,,https://fantasy.afl.com.au/assets/media/players/afl/294592_450.png
2026,,1019916,Kane McAuliffe,,,https://fantasy.afl.com.au/assets/media/players/afl/1019916_450.png
2026,,1012833,Eddie Ford,,,https://fantasy.afl.com.au/assets/media/players/afl/1012833_450.png
2026,,1004998,Todd Marshall,,,https://fantasy.afl.com.au/assets/media/players/afl/1004998_450.png
2026,,1023537,Jhye Clark,,,https://fantasy.afl.com.au/assets/media/players/afl/1023537_450.png
2026,,1013197,Sam Banks,,,https://fantasy.afl.com.au/assets/media/players/afl/1013197_450.png
2026,,1023272,Mitch Owens,,,https://fantasy.afl.com.au/assets/media/players/afl/1023272_450.png
2026,,1005330,Kade Chandler,,,https://fantasy.afl.com.au/assets/media/players/afl/1005330_450.png
2026,,1006533,Riley Garcia,,,https://fantasy.afl.com.au/assets/media/players/afl/1006533_450.png
2026,,290757,Jimmy Webster,,,https://fantasy.afl.com.au/assets/media/players/afl/290757_450.png
2026,,993979,Sam Powell-Pepper,,,https://fantasy.afl.com.au/assets/media/players/afl/993979_450.png
2026,,1023680,Henry Hustwaite,,,https://fantasy.afl.com.au/assets/media/players/afl/1023680_450.png
2026,,1009386,Jaxon Prior,,,https://fantasy.afl.com.au/assets/media/players/afl/1009386_450.png
2026,,294469,Aliir Aliir,,,https://fantasy.afl.com.au/assets/media/players/afl/294469_450.png
2026,,1006127,Rhylee West,,,https://fantasy.afl.com.au/assets/media/players/afl/1006127_450.png
2026,,1004530,Jacob Wehr,,,https://fantasy.afl.com.au/assets/media/players/afl/1004530_450.png
2026,,1004985,Ben Paton,,,https://fantasy.afl.com.au/assets/media/players/afl/1004985_450.png
2026,,1009241,Brodie Kemp,,,https://fantasy.afl.com.au/assets/media/players/afl/1009241_450.png
2026,,1020594,Jye Amiss,,,https://fantasy.afl.com.au/assets/media/players/afl/1020594_450.png
2026,,1009410,Brandon Walker,,,https://fantasy.afl.com.au/assets/media/players/afl/1009410_450.png
2026,,1011985,Hugo Ralphsmith,,,https://fantasy.afl.com.au/assets/media/players/afl/1011985_450.png
2026,,1021103,Mitch Knevitt,,,https://fantasy.afl.com.au/assets/media/players/afl/1021103_450.png
2026,,1012386,Samson Ryan,,,https://fantasy.afl.com.au/assets/media/players/afl/1012386_450.png
2026,,1005326,Jackson Mead,,,https://fantasy.afl.com.au/assets/media/players/afl/1005326_450.png
2026,,1002947,Paul Curtis,,,https://fantasy.afl.com.au/assets/media/players/afl/1002947_450.png
2026,,1028566,Cody Anderson,,,https://fantasy.afl.com.au/assets/media/players/afl/1028566_450.png
2026,,290307,Dane Rampe,,,https://fantasy.afl.com.au/assets/media/players/afl/290307_450.png
2026,,1017118,Josh Goater,,,https://fantasy.afl.com.au/assets/media/players/afl/1017118_450.png
2026,,1017087,Harvey Gallagher,,,https://fantasy.afl.com.au/assets/media/players/afl/1017087_450.png
2026,,1024279,Arie Schoenmaker,,,https://fantasy.afl.com.au/assets/media/players/afl/1024279_450.png
2026,,298421,Jade Gresham,,,https://fantasy.afl.com.au/assets/media/players/afl/298421_450.png
2026,,1018018,Cooper Sharman,,,https://fantasy.afl.com.au/assets/media/players/afl/1018018_450.png
2026,,1013532,Tom Fullarton,,,https://fantasy.afl.com.au/assets/media/players/afl/1013532_450.png
2026,,1024188,Clay Hall,,,https://fantasy.afl.com.au/assets/media/players/afl/1024188_450.png
2026,,297456,Nick Holman,,,https://fantasy.afl.com.au/assets/media/players/afl/297456_450.png
2026,,998180,Bailey Banfield,,,https://fantasy.afl.com.au/assets/media/players/afl/998180_450.png
2026,,1000998,Lachlan Murphy,,,https://fantasy.afl.com.au/assets/media/players/afl/1000998_450.png
2026,,1001438,Bayley Fritsch,,,https://fantasy.afl.com.au/assets/media/players/afl/1001438_450.png
2026,,991930,Darcy Byrne-Jones,,,https://fantasy.afl.com.au/assets/media/players/afl/991930_450.png
2026,,291849,Brody Mihocek,,,https://fantasy.afl.com.au/assets/media/players/afl/291849_450.png
2026,,281007,Michael Walters,,,https://fantasy.afl.com.au/assets/media/players/afl/281007_450.png
2026,,997501,Ryan Gardner,,,https://fantasy.afl.com.au/assets/media/players/afl/997501_450.png
2026,,1002795,Jordan Boyd,,,https://fantasy.afl.com.au/assets/media/players/afl/1002795_450.png
2026,,1017077,Angus McLennan,,,https://fantasy.afl.com.au/assets/media/players/afl/1017077_450.png
2026,,1028539,Jack Ough,,,https://fantasy.afl.com.au/assets/media/players/afl/1028539_450.png
2026,,1029030,Josaia Delana,,,https://fantasy.afl.com.au/assets/media/players/afl/1029030_450.png
2026,,1032119,James Leake,,,https://fantasy.afl.com.au/assets/media/players/afl/1032119_450.png
2026,,1008312,Liam Stocker,,,https://fantasy.afl.com.au/assets/media/players/afl/1008312_450.png
2026,,999824,Quinton Narkle,,,https://fantasy.afl.com.au/assets/media/players/afl/999824_450.png
2026,,1028531,Xavier Lindsay,,,https://fantasy.afl.com.au/assets/media/players/afl/1028531_450.png
2026,,1028546,Harvey Langford,,,https://fantasy.afl.com.au/assets/media/players/afl/1028546_450.png
2026,,1020650,Darcy Jones,,,https://fantasy.afl.com.au/assets/media/players/afl/1020650_450.png
2026,,1028485,Oliver Hannaford,,,https://fantasy.afl.com.au/assets/media/players/afl/1028485_450.png
2026,,1032619,Cody Angove,,,https://fantasy.afl.com.au/assets/media/players/afl/1032619_450.png
2026,,1021353,Lachlan Cowan,,,https://fantasy.afl.com.au/assets/media/players/afl/1021353_450.png
2026,,290314,Lachlan Keeffe,,,https://fantasy.afl.com.au/assets/media/players/afl/290314_450.png
2026,,1013233,Jack Carroll,,,https://fantasy.afl.com.au/assets/media/players/afl/1013233_450.png
2026,,1020670,Elijah Hewett,,,https://fantasy.afl.com.au/assets/media/players/afl/1020670_450.png
2026,,297504,Daniel McStay,,,https://fantasy.afl.com.au/assets/media/players/afl/297504_450.png
2026,,1008239,Joe Richards,,,https://fantasy.afl.com.au/assets/media/players/afl/1008239_450.png
2026,,996232,Matt Guelfi,,,https://fantasy.afl.com.au/assets/media/players/afl/996232_450.png
2026,,1029456,Cooper Hynes,,,https://fantasy.afl.com.au/assets/media/players/afl/1029456_450.png
2026,,1032112,Luke Kennedy,,,https://fantasy.afl.com.au/assets/media/players/afl/1032112_450.png
2026,,1029148,Hugh Boxshall,,,https://fantasy.afl.com.au/assets/media/players/afl/1029148_450.png
2026,,1022452,Lucas Camporeale,,,https://fantasy.afl.com.au/assets/media/players/afl/1022452_450.png
2026,,1027282,Ben Camporeale,,,https://fantasy.afl.com.au/assets/media/players/afl/1027282_450.png
2026,,1028515,Jagga Smith,,,https://fantasy.afl.com.au/assets/media/players/afl/1028515_450.png
2026,,1028554,Isaac Kako,,,https://fantasy.afl.com.au/assets/media/players/afl/1028554_450.png
2026,,1029265,Archer Day-Wicks,,,https://fantasy.afl.com.au/assets/media/players/afl/1029265_450.png
2026,,1028495,Finn O'Sullivan,,,https://fantasy.afl.com.au/assets/media/players/afl/1028495_450.png
2026,,1029281,Luke Urquhart,,,https://fantasy.afl.com.au/assets/media/players/afl/1029281_450.png
2026,,1015777,Ryan Angwin,,,https://fantasy.afl.com.au/assets/media/players/afl/1015777_450.png
2026,,1012828,Finlay Macrae,,,https://fantasy.afl.com.au/assets/media/players/afl/1012828_450.png
2026,,999321,Michael Frederick,,,https://fantasy.afl.com.au/assets/media/players/afl/999321_450.png
2026,,997033,Brennan Cox,,,https://fantasy.afl.com.au/assets/media/players/afl/997033_450.png
2026,,1027790,Hugo Garcia,,,https://fantasy.afl.com.au/assets/media/players/afl/1027790_450.png
2026,,1007099,Harry Sharp,,,https://fantasy.afl.com.au/assets/media/players/afl/1007099_450.png
2026,,1015781,Charlie Comben,,,https://fantasy.afl.com.au/assets/media/players/afl/1015781_450.png
2026,,1017122,Blake Howes,,,https://fantasy.afl.com.au/assets/media/players/afl/1017122_450.png
2026,,1015919,Saad El-Hawli,,,https://fantasy.afl.com.au/assets/media/players/afl/1015919_450.png
2026,,1028519,Zak Johnson,,,https://fantasy.afl.com.au/assets/media/players/afl/1028519_450.png
2026,,1032023,Rhys Unwin,,,https://fantasy.afl.com.au/assets/media/players/afl/1032023_450.png
2026,,1024187,Reece Torrent,,,https://fantasy.afl.com.au/assets/media/players/afl/1024187_450.png
2026,,1028520,Sam Marshall,,,https://fantasy.afl.com.au/assets/media/players/afl/1028520_450.png
2026,,1028560,Levi Ashcroft,,,https://fantasy.afl.com.au/assets/media/players/afl/1028560_450.png
2026,,1004757,Beau McCreery,,,https://fantasy.afl.com.au/assets/media/players/afl/1004757_450.png
2026,,1023640,Koltyn Tholstrup,,,https://fantasy.afl.com.au/assets/media/players/afl/1023640_450.png
2026,,1000937,Jack Henry,,,https://fantasy.afl.com.au/assets/media/players/afl/1000937_450.png
2026,,993917,Ben Long,,,https://fantasy.afl.com.au/assets/media/players/afl/993917_450.png
2026,,999326,Brad Close,,,https://fantasy.afl.com.au/assets/media/players/afl/999326_450.png
2026,,1023681,George Stevens,,,https://fantasy.afl.com.au/assets/media/players/afl/1023681_450.png
2026,,1028489,Xavier Ivisic,,,https://fantasy.afl.com.au/assets/media/players/afl/1028489_450.png
2026,,1032081,Patrick Retschko,,,https://fantasy.afl.com.au/assets/media/players/afl/1032081_450.png
2026,,296190,Jack Martin,,,https://fantasy.afl.com.au/assets/media/players/afl/296190_450.png
2026,,1020855,Max Hall,,,https://fantasy.afl.com.au/assets/media/players/afl/1020855_450.png
2026,,1028514,Patrick Said,,,https://fantasy.afl.com.au/assets/media/players/afl/1028514_450.png
2026,,1028513,Murphy Reid,,,https://fantasy.afl.com.au/assets/media/players/afl/1028513_450.png
2026,,1012826,Bailey Laurie,,,https://fantasy.afl.com.au/assets/media/players/afl/1012826_450.png
2026,,1018987,Jayden Nguyen,,,https://fantasy.afl.com.au/assets/media/players/afl/1018987_450.png
2026,,1011755,Harrison Jones,,,https://fantasy.afl.com.au/assets/media/players/afl/1011755_450.png
2026,,1027726,Geordie Payne,,,https://fantasy.afl.com.au/assets/media/players/afl/1027726_450.png
2026,,1031989,River Stevens,,,https://fantasy.afl.com.au/assets/media/players/afl/1031989_450.png
2026,,298281,Jake Lever,,,https://fantasy.afl.com.au/assets/media/players/afl/298281_450.png
2026,,1017095,Miller Bergman,,,https://fantasy.afl.com.au/assets/media/players/afl/1017095_450.png
2026,,1008478,Rhyan Mansell,,,https://fantasy.afl.com.au/assets/media/players/afl/1008478_450.png
2026,,1008543,Harry Schoenberg,,,https://fantasy.afl.com.au/assets/media/players/afl/1008543_450.png
2026,,1017751,Josh Fahey,,,https://fantasy.afl.com.au/assets/media/players/afl/1017751_450.png
2026,,1009708,Jack Buckley,,,https://fantasy.afl.com.au/assets/media/players/afl/1009708_450.png
2026,,1002245,Noah Balta,,,https://fantasy.afl.com.au/assets/media/players/afl/1002245_450.png
2026,,1028491,Sam Lalor,,,https://fantasy.afl.com.au/assets/media/players/afl/1028491_450.png
2026,,1028572,Josh Smillie,,,https://fantasy.afl.com.au/assets/media/players/afl/1028572_450.png
2026,,1022607,Sid Draper,,,https://fantasy.afl.com.au/assets/media/players/afl/1022607_450.png
2026,,1028496,Harry Charleson,,,https://fantasy.afl.com.au/assets/media/players/afl/1028496_450.png
2026,,1028671,Charlie Edwards,,,https://fantasy.afl.com.au/assets/media/players/afl/1028671_450.png
2026,,1022915,Edward Allan,,,https://fantasy.afl.com.au/assets/media/players/afl/1022915_450.png
2026,,1006135,Xavier O'Halloran,,,https://fantasy.afl.com.au/assets/media/players/afl/1006135_450.png
2026,,992374,Dan Butler,,,https://fantasy.afl.com.au/assets/media/players/afl/992374_450.png
2026,,1012218,Luke Pedlar,,,https://fantasy.afl.com.au/assets/media/players/afl/1012218_450.png
2026,,1015330,Hugh Jackson,,,https://fantasy.afl.com.au/assets/media/players/afl/1015330_450.png
2026,,1022371,Tom Cochrane,,,https://fantasy.afl.com.au/assets/media/players/afl/1022371_450.png
2026,,1022601,Benny Barrett,,,https://fantasy.afl.com.au/assets/media/players/afl/1022601_450.png
2026,,1028563,Christian Moraes,,,https://fantasy.afl.com.au/assets/media/players/afl/1028563_450.png
2026,,1003203,Hayden McLean,,,https://fantasy.afl.com.au/assets/media/players/afl/1003203_450.png
2026,,296225,Willie Rioli,,,https://fantasy.afl.com.au/assets/media/players/afl/296225_450.png
2026,,298111,Jeremy Finlayson,,,https://fantasy.afl.com.au/assets/media/players/afl/298111_450.png
2026,,1028538,Tobie Travaglia,,,https://fantasy.afl.com.au/assets/media/players/afl/1028538_450.png
2026,,1029301,Leonardo Lombard,,,https://fantasy.afl.com.au/assets/media/players/afl/1029301_450.png
2026,,1038801,Zak Evans,,,https://fantasy.afl.com.au/assets/media/players/afl/1038801_450.png
2026,,1021015,Karl Worner,,,https://fantasy.afl.com.au/assets/media/players/afl/1021015_450.png
2026,,1017720,Jacob van Rooyen,,,https://fantasy.afl.com.au/assets/media/players/afl/1017720_450.png
2026,,1005986,Malcolm Rosas,,,https://fantasy.afl.com.au/assets/media/players/afl/1005986_450.png
2026,,1002228,Lachie Fogarty,,,https://fantasy.afl.com.au/assets/media/players/afl/1002228_450.png
2026,,1027935,Josh Weddle,,,https://fantasy.afl.com.au/assets/media/players/afl/1027935_450.png
2026,,994077,Mabior Chol,,,https://fantasy.afl.com.au/assets/media/players/afl/994077_450.png
2026,,1009385,Deven Robertson,,,https://fantasy.afl.com.au/assets/media/players/afl/1009385_450.png
2026,,1027058,Indhi Kirk,,,https://fantasy.afl.com.au/assets/media/players/afl/1027058_450.png
2026,,1027687,Tom Hanily,,,https://fantasy.afl.com.au/assets/media/players/afl/1027687_450.png
2026,,1029589,Jesse Dattoli,,,https://fantasy.afl.com.au/assets/media/players/afl/1029589_450.png
2026,,1032922,William Hayes,,,https://fantasy.afl.com.au/assets/media/players/afl/1032922_450.png
2026,,990740,Rory Lobb,,,https://fantasy.afl.com.au/assets/media/players/afl/990740_450.png
2026,,997316,Lewis Young,,,https://fantasy.afl.com.au/assets/media/players/afl/997316_450.png
2026,,296291,Jake Kolodjashnij,,,https://fantasy.afl.com.au/assets/media/players/afl/296291_450.png
2026,,1032106,Taj Hotton,,,https://fantasy.afl.com.au/assets/media/players/afl/1032106_450.png
2026,,1017114,Tyler Sonsie,,,https://fantasy.afl.com.au/assets/media/players/afl/1017114_450.png
2026,,1017396,Mac Andrew,,,https://fantasy.afl.com.au/assets/media/players/afl/1017396_450.png
2026,,1029973,Oliver Sestan,,,https://fantasy.afl.com.au/assets/media/players/afl/1029973_450.png
2026,,1006550,Jack Petruccelle,,,https://fantasy.afl.com.au/assets/media/players/afl/1006550_450.png
2026,,1016433,Shannon Neale,,,https://fantasy.afl.com.au/assets/media/players/afl/1016433_450.png
2026,,1018992,Lucca Grego,,,https://fantasy.afl.com.au/assets/media/players/afl/1018992_450.png
2026,,1028561,Tom Gross,,,https://fantasy.afl.com.au/assets/media/players/afl/1028561_450.png
2026,,998480,Lachlan Sullivan,,,https://fantasy.afl.com.au/assets/media/players/afl/998480_450.png
2026,,993480,Dougal Howard,,,https://fantasy.afl.com.au/assets/media/players/afl/993480_450.png
2026,,1009015,Lachlan McNeil,,,https://fantasy.afl.com.au/assets/media/players/afl/1009015_450.png
2026,,1013611,Sam Sturt,,,https://fantasy.afl.com.au/assets/media/players/afl/1013611_450.png
2026,,1032042,Phoenix Gothard,,,https://fantasy.afl.com.au/assets/media/players/afl/1032042_450.png
2026,,1034066,Nathan Wardius,,,https://fantasy.afl.com.au/assets/media/players/afl/1034066_450.png
2026,,1008091,Joel Amartey,,,https://fantasy.afl.com.au/assets/media/players/afl/1008091_450.png
2026,,1013165,Andy Moniz-Wakefield,,,https://fantasy.afl.com.au/assets/media/players/afl/1013165_450.png
2026,,1023542,Ted Clohesy,,,https://fantasy.afl.com.au/assets/media/players/afl/1023542_450.png
2026,,1020968,Jackson Archer,,,https://fantasy.afl.com.au/assets/media/players/afl/1020968_450.png
2026,,1032100,Calsher Dear,,,https://fantasy.afl.com.au/assets/media/players/afl/1032100_450.png
2026,,1027899,Nate Caddy,,,https://fantasy.afl.com.au/assets/media/players/afl/1027899_450.png
2026,,1028019,Logan Morris,,,https://fantasy.afl.com.au/assets/media/players/afl/1028019_450.png
2026,,1002282,Charlie Spargo,,,https://fantasy.afl.com.au/assets/media/players/afl/1002282_450.png
2026,,1017086,Tom Brown,,,https://fantasy.afl.com.au/assets/media/players/afl/1017086_450.png
2026,,1032624,Hamish Davis,,,https://fantasy.afl.com.au/assets/media/players/afl/1032624_450.png
2026,,298358,Oleg Markov,,,https://fantasy.afl.com.au/assets/media/players/afl/298358_450.png
2026,,280824,Jake Melksham,,,https://fantasy.afl.com.au/assets/media/players/afl/280824_450.png
2026,,1018016,Seamus Mitchell,,,https://fantasy.afl.com.au/assets/media/players/afl/1018016_450.png
2026,,1002143,Ben McKay,,,https://fantasy.afl.com.au/assets/media/players/afl/1002143_450.png
2026,,298470,Shane McAdam,,,https://fantasy.afl.com.au/assets/media/players/afl/298470_450.png
2026,,1017078,Josh Sinn,,,https://fantasy.afl.com.au/assets/media/players/afl/1017078_450.png
2026,,1028562,Harrison Oliver,,,https://fantasy.afl.com.au/assets/media/players/afl/1028562_450.png
2026,,1034235,Josh Dolan,,,https://fantasy.afl.com.au/assets/media/players/afl/1034235_450.png
2026,,1036123,Sam Davidson,,,https://fantasy.afl.com.au/assets/media/players/afl/1036123_450.png
2026,,1027284,Angus Clarke,,,https://fantasy.afl.com.au/assets/media/players/afl/1027284_450.png
2026,,1027706,Luamon Lual,,,https://fantasy.afl.com.au/assets/media/players/afl/1027706_450.png
2026,,1028449,Bo Allan,,,https://fantasy.afl.com.au/assets/media/players/afl/1028449_450.png
2026,,1035129,Rob Monahan,,,https://fantasy.afl.com.au/assets/media/players/afl/1035129_450.png
2026,,1028105,Shadeau Brain,,,https://fantasy.afl.com.au/assets/media/players/afl/1028105_450.png
2026,,1005247,Sam Taylor,,,https://fantasy.afl.com.au/assets/media/players/afl/1005247_450.png
2026,,1018122,Jasper Scaife,,,https://fantasy.afl.com.au/assets/media/players/afl/1018122_450.png
2026,,1008893,Harrison Petty,,,https://fantasy.afl.com.au/assets/media/players/afl/1008893_450.png
2026,,1022447,Tyler Welsh,,,https://fantasy.afl.com.au/assets/media/players/afl/1022447_450.png
2026,,1035372,Karl Gallagher,,,https://fantasy.afl.com.au/assets/media/players/afl/1035372_450.png
2026,,1024193,Darcy Craven,,,https://fantasy.afl.com.au/assets/media/players/afl/1024193_450.png
2026,,1029405,Will McLachlan,,,https://fantasy.afl.com.au/assets/media/players/afl/1029405_450.png
2026,,1034411,Ty Gallop,,,https://fantasy.afl.com.au/assets/media/players/afl/1034411_450.png
2026,,1019975,Jack Delean,,,https://fantasy.afl.com.au/assets/media/players/afl/1019975_450.png
2026,,1023047,Jaren Carr,,,https://fantasy.afl.com.au/assets/media/players/afl/1023047_450.png
2026,,1027155,Charlie Nicholls,,,https://fantasy.afl.com.au/assets/media/players/afl/1027155_450.png
2026,,1008882,Charlie Ballard,,,https://fantasy.afl.com.au/assets/media/players/afl/1008882_450.png
2026,,291848,Robbie Fox,,,https://fantasy.afl.com.au/assets/media/players/afl/291848_450.png
2026,,1023530,Jacob Konstanty,,,https://fantasy.afl.com.au/assets/media/players/afl/1023530_450.png
2026,,1029416,Ryan Maric,,,https://fantasy.afl.com.au/assets/media/players/afl/1029416_450.png
2026,,1027966,Vigo Visentini,,,https://fantasy.afl.com.au/assets/media/players/afl/1027966_450.png
2026,,1020881,Oliver Wiltshire,,,https://fantasy.afl.com.au/assets/media/players/afl/1020881_450.png
2026,,1027428,Jay Polkinghorne,,,https://fantasy.afl.com.au/assets/media/players/afl/1027428_450.png
2026,,1029261,Bailey Macdonald,,,https://fantasy.afl.com.au/assets/media/players/afl/1029261_450.png
2026,,1032141,Keighton Matofai-Forbes,,,https://fantasy.afl.com.au/assets/media/players/afl/1032141_450.png
2026,,1013201,Jye Menzie,,,https://fantasy.afl.com.au/assets/media/players/afl/1013201_450.png
2026,,294013,Sean Lemmens,,,https://fantasy.afl.com.au/assets/media/players/afl/294013_450.png
2026,,992048,Anthony Scott,,,https://fantasy.afl.com.au/assets/media/players/afl/992048_450.png
2026,,997933,Griffin Logue,,,https://fantasy.afl.com.au/assets/media/players/afl/997933_450.png
2026,,1014038,Callum M. Brown,,,https://fantasy.afl.com.au/assets/media/players/afl/1014038_450.png
2026,,291753,Sam Day,,,https://fantasy.afl.com.au/assets/media/players/afl/291753_450.png
2026,,1027949,Kynan Brown,,,https://fantasy.afl.com.au/assets/media/players/afl/1027949_450.png
2026,,1029262,Will Lorenz,,,https://fantasy.afl.com.au/assets/media/players/afl/1029262_450.png
2026,,1022473,Bodie Ryan,,,https://fantasy.afl.com.au/assets/media/players/afl/1022473_450.png
2026,,1028643,Noah Mraz,,,https://fantasy.afl.com.au/assets/media/players/afl/1028643_450.png
2026,,1039500,Matt Hill,,,https://fantasy.afl.com.au/assets/media/players/afl/1039500_450.png
2026,,1023544,Brayden George,,,https://fantasy.afl.com.au/assets/media/players/afl/1023544_450.png
2026,,1027985,Luke Lloyd,,,https://fantasy.afl.com.au/assets/media/players/afl/1027985_450.png
2026,,1008805,Luke Beecken,,,https://fantasy.afl.com.au/assets/media/players/afl/1008805_450.png
2026,,1027678,Billy Wilson,,,https://fantasy.afl.com.au/assets/media/players/afl/1027678_450.png
2026,,1028526,Harry O'Farrell,,,https://fantasy.afl.com.au/assets/media/players/afl/1028526_450.png
2026,,1035198,Liam O'Connell,,,https://fantasy.afl.com.au/assets/media/players/afl/1035198_450.png
2026,,1039720,Matt Duffy,,,https://fantasy.afl.com.au/assets/media/players/afl/1039720_450.png
2026,,1013996,Jordan Croft,,,https://fantasy.afl.com.au/assets/media/players/afl/1013996_450.png
2026,,1028541,Asher Eastham,,,https://fantasy.afl.com.au/assets/media/players/afl/1028541_450.png
2026,,1029304,Lachlan Gulbin,,,https://fantasy.afl.com.au/assets/media/players/afl/1029304_450.png
2026,,1027406,Ned Bowman,,,https://fantasy.afl.com.au/assets/media/players/afl/1027406_450.png
2026,,1032629,Joe Fonti,,,https://fantasy.afl.com.au/assets/media/players/afl/1032629_450.png
2026,,1005000,Laitham Vandermeer,,,https://fantasy.afl.com.au/assets/media/players/afl/1005000_450.png
2026,,1032114,Lennox Hoffman,,,https://fantasy.afl.com.au/assets/media/players/afl/1032114_450.png
2026,,1039509,Cillian Burke,,,https://fantasy.afl.com.au/assets/media/players/afl/1039509_450.png
2026,,296269,Darcy Gardiner,,,https://fantasy.afl.com.au/assets/media/players/afl/296269_450.png
2026,,1020959,Daniel Turner,,,https://fantasy.afl.com.au/assets/media/players/afl/1020959_450.png
2026,,1020950,Toby Murray,,,https://fantasy.afl.com.au/assets/media/players/afl/1020950_450.png
2026,,1024057,Caiden Cleary,,,https://fantasy.afl.com.au/assets/media/players/afl/1024057_450.png
2026,,1028493,Lachie Jaques,,,https://fantasy.afl.com.au/assets/media/players/afl/1028493_450.png
2026,,1002347,Jack Payne,,,https://fantasy.afl.com.au/assets/media/players/afl/1002347_450.png
2026,,1020072,Harry Lemmey,,,https://fantasy.afl.com.au/assets/media/players/afl/1020072_450.png
2026,,1027893,Oscar Ryan,,,https://fantasy.afl.com.au/assets/media/players/afl/1027893_450.png
2026,,1024173,Aidan Johnson,,,https://fantasy.afl.com.au/assets/media/players/afl/1024173_450.png
2026,,1011583,Lachie Jones,,,https://fantasy.afl.com.au/assets/media/players/afl/1011583_450.png
2026,,1015929,Luke Cleary,,,https://fantasy.afl.com.au/assets/media/players/afl/1015929_450.png
2026,,1031792,Finnbar Maley,,,https://fantasy.afl.com.au/assets/media/players/afl/1031792_450.png
2026,,1028371,Odin Jones,,,https://fantasy.afl.com.au/assets/media/players/afl/1028371_450.png
2026,,1014013,Lachlan Charleson,,,https://fantasy.afl.com.au/assets/media/players/afl/1014013_450.png
2026,,1027870,Tom Anastasopoulos,,,https://fantasy.afl.com.au/assets/media/players/afl/1027870_450.png
2026,,1028529,Joe Berry,,,https://fantasy.afl.com.au/assets/media/players/afl/1028529_450.png
2026,,1032053,Jack Whitlock,,,https://fantasy.afl.com.au/assets/media/players/afl/1032053_450.png
2026,,1028498,Jonty Faull,,,https://fantasy.afl.com.au/assets/media/players/afl/1028498_450.png
2026,,1028525,Harry Armstrong,,,https://fantasy.afl.com.au/assets/media/players/afl/1028525_450.png
2026,,1028537,Jasper Alger,,,https://fantasy.afl.com.au/assets/media/players/afl/1028537_450.png
2026,,1024023,Daniel Curtin,,,https://fantasy.afl.com.au/assets/media/players/afl/1024023_450.png
2026,,298288,Darcy Moore,,,https://fantasy.afl.com.au/assets/media/players/afl/298288_450.png
2026,,1017959,Lance Collard,,,https://fantasy.afl.com.au/assets/media/players/afl/1017959_450.png
2026,,999715,Jy Farrar,,,https://fantasy.afl.com.au/assets/media/players/afl/999715_450.png
2026,,1020097,Ashton Moir,,,https://fantasy.afl.com.au/assets/media/players/afl/1020097_450.png
2026,,1009551,Maurice Rioli,,,https://fantasy.afl.com.au/assets/media/players/afl/1009551_450.png
2026,,293883,Jed Bews,,,https://fantasy.afl.com.au/assets/media/players/afl/293883_450.png
2026,,295446,Sam Collins,,,https://fantasy.afl.com.au/assets/media/players/afl/295446_450.png
2026,,1013973,Matthew Owies,,,https://fantasy.afl.com.au/assets/media/players/afl/1013973_450.png
2026,,1023486,Matthew Jefferson,,,https://fantasy.afl.com.au/assets/media/players/afl/1023486_450.png
2026,,1024337,Luker Kentfield,,,https://fantasy.afl.com.au/assets/media/players/afl/1024337_450.png
2026,,1004034,Brandon Zerk-Thatcher,,,https://fantasy.afl.com.au/assets/media/players/afl/1004034_450.png
2026,,1008224,Riley Bice,,,https://fantasy.afl.com.au/assets/media/players/afl/1008224_450.png
2026,,1027659,Riak Andrew,,,https://fantasy.afl.com.au/assets/media/players/afl/1027659_450.png
2026,,1028564,Blake Leidler,,,https://fantasy.afl.com.au/assets/media/players/afl/1028564_450.png
2026,,1017057,Campbell Chesser,,,https://fantasy.afl.com.au/assets/media/players/afl/1017057_450.png
2026,,1002403,Ben Miller,,,https://fantasy.afl.com.au/assets/media/players/afl/1002403_450.png
2026,,1021122,Harry Rowston,,,https://fantasy.afl.com.au/assets/media/players/afl/1021122_450.png
2026,,1023275,Seth Campbell,,,https://fantasy.afl.com.au/assets/media/players/afl/1023275_450.png
2026,,1023784,Anthony Caminiti,,,https://fantasy.afl.com.au/assets/media/players/afl/1023784_450.png
2026,,1019038,Aaron Cadman,,,https://fantasy.afl.com.au/assets/media/players/afl/1019038_450.png
2026,,1028521,Luke Trainor,,,https://fantasy.afl.com.au/assets/media/players/afl/1028521_450.png
2026,,1006030,Jacob Koschitzke,,,https://fantasy.afl.com.au/assets/media/players/afl/1006030_450.png
2026,,1027382,Charlie West,,,https://fantasy.afl.com.au/assets/media/players/afl/1027382_450.png
2026,,1012873,Wil Parker,,,https://fantasy.afl.com.au/assets/media/players/afl/1012873_450.png
2026,,1038914,Jacob Moss,,,https://fantasy.afl.com.au/assets/media/players/afl/1038914_450.png
2026,,1015332,Harvey Harrison,,,https://fantasy.afl.com.au/assets/media/players/afl/1015332_450.png
2026,,1027673,Harry DeMattia,,,https://fantasy.afl.com.au/assets/media/players/afl/1027673_450.png
2026,,1029000,Joel Cochran,,,https://fantasy.afl.com.au/assets/media/players/afl/1029000_450.png
2026,,1029136,Malakai Champion,,,https://fantasy.afl.com.au/assets/media/players/afl/1029136_450.png
2026,,1031913,Jobe Shanahan,,,https://fantasy.afl.com.au/assets/media/players/afl/1031913_450.png
2026,,296334,Orazio Fantasia,,,https://fantasy.afl.com.au/assets/media/players/afl/296334_450.png
2026,,1023625,Riley Hardeman,,,https://fantasy.afl.com.au/assets/media/players/afl/1023625_450.png
2026,,1018996,Thomas Sims,,,https://fantasy.afl.com.au/assets/media/players/afl/1018996_450.png
2026,,1022383,Liam Fawcett,,,https://fantasy.afl.com.au/assets/media/players/afl/1022383_450.png
2026,,1036103,Campbell Gray,,,https://fantasy.afl.com.au/assets/media/players/afl/1036103_450.png
2026,,1023056,Steely Green,,,https://fantasy.afl.com.au/assets/media/players/afl/1023056_450.png
2026,,1023500,Bailey Humphrey,,,https://fantasy.afl.com.au/assets/media/players/afl/1023500_450.png
2026,,1027925,Harvey Thomas,,,https://fantasy.afl.com.au/assets/media/players/afl/1027925_450.png
2026,,294508,Aidan Corr,,,https://fantasy.afl.com.au/assets/media/players/afl/294508_450.png
2026,,1009229,Sam De Koning,,,https://fantasy.afl.com.au/assets/media/players/afl/1009229_450.png
2026,,1013511,Tyler Brockman,,,https://fantasy.afl.com.au/assets/media/players/afl/1013511_450.png
2026,,1008198,Tom McCartin,,,https://fantasy.afl.com.au/assets/media/players/afl/1008198_450.png
2026,,1027693,Archer Reid,,,https://fantasy.afl.com.au/assets/media/players/afl/1027693_450.png
2026,,1008747,Mykelti Lefau,,,https://fantasy.afl.com.au/assets/media/players/afl/1008747_450.png
2026,,1018425,Taj Woewodin,,,https://fantasy.afl.com.au/assets/media/players/afl/1018425_450.png
2026,,1017700,Jesse Motlop,,,https://fantasy.afl.com.au/assets/media/players/afl/1017700_450.png
2026,,1021152,Jacob Bauer,,,https://fantasy.afl.com.au/assets/media/players/afl/1021152_450.png
2026,,1023142,Tyrell Dewar,,,https://fantasy.afl.com.au/assets/media/players/afl/1023142_450.png
2026,,1020979,Cooper Harvey,,,https://fantasy.afl.com.au/assets/media/players/afl/1020979_450.png
2026,,1006232,Sam Wicks,,,https://fantasy.afl.com.au/assets/media/players/afl/1006232_450.png
2026,,1006100,Thomas Berry,,,https://fantasy.afl.com.au/assets/media/players/afl/1006100_450.png
2026,,1024096,Caleb Mitchell,,,https://fantasy.afl.com.au/assets/media/players/afl/1024096_450.png
2026,,1020104,Jakob Ryan,,,https://fantasy.afl.com.au/assets/media/players/afl/1020104_450.png
2026,,1032966,James O'Donnell,,,https://fantasy.afl.com.au/assets/media/players/afl/1032966_450.png
2026,,1022999,Kaleb Smith,,,https://fantasy.afl.com.au/assets/media/players/afl/1022999_450.png
2026,,1008230,Nick Murray,,,https://fantasy.afl.com.au/assets/media/players/afl/1008230_450.png
2026,,1010708,Sam Butler,,,https://fantasy.afl.com.au/assets/media/players/afl/1010708_450.png
2026,,1018335,Brayden Cook,,,https://fantasy.afl.com.au/assets/media/players/afl/1018335_450.png
2026,,1017754,Patrick Voss,,,https://fantasy.afl.com.au/assets/media/players/afl/1017754_450.png
2026,,1011437,Harry Edwards,,,https://fantasy.afl.com.au/assets/media/players/afl/1011437_450.png
2026,,1005199,Elliott Himmelberg,,,https://fantasy.afl.com.au/assets/media/players/afl/1005199_450.png
2026,,1009197,Charlie Dean,,,https://fantasy.afl.com.au/assets/media/players/afl/1009197_450.png
2026,,1013278,Reef McInnes,,,https://fantasy.afl.com.au/assets/media/players/afl/1013278_450.png
2026,,1022410,William McCabe,,,https://fantasy.afl.com.au/assets/media/players/afl/1022410_450.png
2026,,1027971,Toby McMullin,,,https://fantasy.afl.com.au/assets/media/players/afl/1027971_450.png
2026,,1013229,Jacob Blight,,,https://fantasy.afl.com.au/assets/media/players/afl/1013229_450.png
2026,,1036098,Jack Hutchinson,,,https://fantasy.afl.com.au/assets/media/players/afl/1036098_450.png
2026,,1024982,Oisin Mullin,,,https://fantasy.afl.com.au/assets/media/players/afl/1024982_450.png
2026,,1024666,Lloyd Johnston,,,https://fantasy.afl.com.au/assets/media/players/afl/1024666_450.png
2026,,1021108,James Tunstill,,,https://fantasy.afl.com.au/assets/media/players/afl/1021108_450.png
2026,,1027965,Max Ramsden,,,https://fantasy.afl.com.au/assets/media/players/afl/1027965_450.png
2026,,295222,Joel Hamling,,,https://fantasy.afl.com.au/assets/media/players/afl/295222_450.png
2026,,1023496,Noah Long,,,https://fantasy.afl.com.au/assets/media/players/afl/1023496_450.png
2026,,281078,Liam Jones,,,https://fantasy.afl.com.au/assets/media/players/afl/281078_450.png
2026,,1008510,Corey Durdin,,,https://fantasy.afl.com.au/assets/media/players/afl/1008510_450.png
2026,,1020371,Jack Williams,,,https://fantasy.afl.com.au/assets/media/players/afl/1020371_450.png
2026,,990816,Aaron Francis,,,https://fantasy.afl.com.au/assets/media/players/afl/990816_450.png
2026,,1027872,Angus Hastie,,,https://fantasy.afl.com.au/assets/media/players/afl/1027872_450.png
2026,,1015323,Isaac Keeler,,,https://fantasy.afl.com.au/assets/media/players/afl/1015323_450.png
2026,,1028545,James Barrat,,,https://fantasy.afl.com.au/assets/media/players/afl/1028545_450.png
2026,,1030433,Alixzander Tauru,,,https://fantasy.afl.com.au/assets/media/players/afl/1030433_450.png
2026,,1023487,Lewis Hayes,,,https://fantasy.afl.com.au/assets/media/players/afl/1023487_450.png
2026,,1018424,Corey Warner,,,https://fantasy.afl.com.au/assets/media/players/afl/1018424_450.png
2026,,1016140,Wade Derksen,,,https://fantasy.afl.com.au/assets/media/players/afl/1016140_450.png
2026,,1023144,Robert Hansen Jr,,,https://fantasy.afl.com.au/assets/media/players/afl/1023144_450.png
2026,,1017091,Jai Serong,,,https://fantasy.afl.com.au/assets/media/players/afl/1017091_450.png
2026,,1016189,Henry Smith,,,https://fantasy.afl.com.au/assets/media/players/afl/1016189_450.png
2026,,1023494,Zane Duursma,,,https://fantasy.afl.com.au/assets/media/players/afl/1023494_450.png
2026,,1023017,Jedd Busslinger,,,https://fantasy.afl.com.au/assets/media/players/afl/1023017_450.png
2026,,1017043,Judson Clarke,,,https://fantasy.afl.com.au/assets/media/players/afl/1017043_450.png
2026,,1000068,Chris Burgess,,,https://fantasy.afl.com.au/assets/media/players/afl/1000068_450.png
2026,,1004819,Jed McEntee,,,https://fantasy.afl.com.au/assets/media/players/afl/1004819_450.png
2026,,1016268,Alex Cincotta,,,https://fantasy.afl.com.au/assets/media/players/afl/1016268_450.png
2026,,992472,Oscar McDonald,,,https://fantasy.afl.com.au/assets/media/players/afl/992472_450.png
2026,,998782,Buku Khamis,,,https://fantasy.afl.com.au/assets/media/players/afl/998782_450.png
2026,,1000061,Callum Coleman-Jones,,,https://fantasy.afl.com.au/assets/media/players/afl/1000061_450.png
2026,,1028547,Matt Whitlock,,,https://fantasy.afl.com.au/assets/media/players/afl/1028547_450.png
2026,,1018433,Tylar Young,,,https://fantasy.afl.com.au/assets/media/players/afl/1018433_450.png
2026,,1017933,Alwyn Davey Jnr,,,https://fantasy.afl.com.au/assets/media/players/afl/1017933_450.png
2026,,1012127,Brandon Ryan,,,https://fantasy.afl.com.au/assets/media/players/afl/1012127_450.png
2026,,1032650,Zane Zakostelsky,,,https://fantasy.afl.com.au/assets/media/players/afl/1032650_450.png
2026,,1027990,Ollie Murphy,,,https://fantasy.afl.com.au/assets/media/players/afl/1027990_450.png
2026,,1009029,James Borlase,,,https://fantasy.afl.com.au/assets/media/players/afl/1009029_450.png
2026,,1029065,Cooper Bell,,,https://fantasy.afl.com.au/assets/media/players/afl/1029065_450.png
2026,,1008691,Leek Aleer,,,https://fantasy.afl.com.au/assets/media/players/afl/1008691_450.png
2026,,1018123,Jake Rogers,,,https://fantasy.afl.com.au/assets/media/players/afl/1018123_450.png
2026,,1029158,Xavier Walsh,,,https://fantasy.afl.com.au/assets/media/players/afl/1029158_450.png
2026,,293738,Sam Frost,,,https://fantasy.afl.com.au/assets/media/players/afl/293738_450.png
2026,,1020668,Joshua Draper,,,https://fantasy.afl.com.au/assets/media/players/afl/1020668_450.png
2026,,1017757,William Edwards,,,https://fantasy.afl.com.au/assets/media/players/afl/1017757_450.png
2026,,1024685,Patrick Snell,,,https://fantasy.afl.com.au/assets/media/players/afl/1024685_450.png
2026,,1004995,Jordon Butts,,,https://fantasy.afl.com.au/assets/media/players/afl/1004995_450.png
2026,,1023174,Jed Adams,,,https://fantasy.afl.com.au/assets/media/players/afl/1023174_450.png
2026,,1029211,Ricky Mentha,,,https://fantasy.afl.com.au/assets/media/players/afl/1029211_450.png
2026,,298409,Alex Pearce,,,https://fantasy.afl.com.au/assets/media/players/afl/298409_450.png
2026,,1012881,Ollie Lord,,,https://fantasy.afl.com.au/assets/media/players/afl/1012881_450.png
2026,,1015862,Conor Stone,,,https://fantasy.afl.com.au/assets/media/players/afl/1015862_450.png
2026,,1003520,Darragh Joyce,,,https://fantasy.afl.com.au/assets/media/players/afl/1003520_450.png
2026,,1006087,Caleb Graham,,,https://fantasy.afl.com.au/assets/media/players/afl/1006087_450.png
2026,,1020586,Arthur Jones,,,https://fantasy.afl.com.au/assets/media/players/afl/1020586_450.png
2026,,1023534,Hugh Bond,,,https://fantasy.afl.com.au/assets/media/players/afl/1023534_450.png
2026,,1012144,Kallan Dawson,,,https://fantasy.afl.com.au/assets/media/players/afl/1012144_450.png
2026,,1002220,Esava Ratugolea,,,https://fantasy.afl.com.au/assets/media/players/afl/1002220_450.png
2026,,997974,Ash Johnson,,,https://fantasy.afl.com.au/assets/media/players/afl/997974_450.png
2026,,1027921,Max Gruzewski,,,https://fantasy.afl.com.au/assets/media/players/afl/1027921_450.png
2026,,1027656,Cooper Simpson,,,https://fantasy.afl.com.au/assets/media/players/afl/1027656_450.png
2026,,1032017,Tew Jiath,,,https://fantasy.afl.com.au/assets/media/players/afl/1032017_450.png
2026,,1007591,Brynn Teakle,,,https://fantasy.afl.com.au/assets/media/players/afl/1007591_450.png
2026,,991939,Zaine Cordy,,,https://fantasy.afl.com.au/assets/media/players/afl/991939_450.png
2026,,1002138,Toby Pink,,,https://fantasy.afl.com.au/assets/media/players/afl/1002138_450.png
2026,,1023736,Jed Walter,,,https://fantasy.afl.com.au/assets/media/players/afl/1023736_450.png
2026,,996743,Lewis Melican,,,https://fantasy.afl.com.au/assets/media/players/afl/996743_450.png
2026,,1027969,Harvey Johnston,,,https://fantasy.afl.com.au/assets/media/players/afl/1027969_450.png
2026,,1027877,Connor O'Sullivan,,,https://fantasy.afl.com.au/assets/media/players/afl/1027877_450.png
2026,,1017718,Rhett Bazzo,,,https://fantasy.afl.com.au/assets/media/players/afl/1017718_450.png
2026,,1028551,Wil Dawson,,,https://fantasy.afl.com.au/assets/media/players/afl/1028551_450.png
2026,,1009392,Jack Buller,,,https://fantasy.afl.com.au/assets/media/players/afl/1009392_450.png
2026,,1017059,Josh Gibcus,,,https://fantasy.afl.com.au/assets/media/players/afl/1017059_450.png
2026,,1012817,Zach Reid,,,https://fantasy.afl.com.au/assets/media/players/afl/1012817_450.png
2026,,1020032,Loch Rawlinson,,,https://fantasy.afl.com.au/assets/media/players/afl/1020032_450.png
2026,,1027033,Ethan Read,,,https://fantasy.afl.com.au/assets/media/players/afl/1027033_450.png
2026,,1011243,Callum Jamieson,,,https://fantasy.afl.com.au/assets/media/players/afl/1011243_450.png
2026,,991773,Billy Frampton,,,https://fantasy.afl.com.au/assets/media/players/afl/991773_450.png
2026,,1011839,James Blanck,,,https://fantasy.afl.com.au/assets/media/players/afl/1011839_450.png
2026,,1022927,Hugh Davies,,,https://fantasy.afl.com.au/assets/media/players/afl/1022927_450.png
2026,,1000958,Harry Boyd,,,https://fantasy.afl.com.au/assets/media/players/afl/1000958_450.png
2026,,1008183,Jack Henderson,,,https://fantasy.afl.com.au/assets/media/players/afl/1008183_450.png
2026,,1008649,Mani Liddy,,,https://fantasy.afl.com.au/assets/media/players/afl/1008649_450.png
2026,,1011558,Isaiah Dudley,,,https://fantasy.afl.com.au/assets/media/players/afl/1011558_450.png
2026,,1011950,Ben Jepson,,,https://fantasy.afl.com.au/assets/media/players/afl/1011950_450.png
2026,,1012842,Liam McMahon,,,https://fantasy.afl.com.au/assets/media/players/afl/1012842_450.png
2026,,1013315,Sandy Brock,,,https://fantasy.afl.com.au/assets/media/players/afl/1013315_450.png
2026,,1015515,Oscar Adams,,,https://fantasy.afl.com.au/assets/media/players/afl/1015515_450.png
2026,,1017255,Francis Evans,,,https://fantasy.afl.com.au/assets/media/players/afl/1017255_450.png
2026,,1017493,Caleb Lewis,,,https://fantasy.afl.com.au/assets/media/players/afl/1017493_450.png
2026,,1018323,Thomas Edwards,,,https://fantasy.afl.com.au/assets/media/players/afl/1018323_450.png
2026,,1020621,Michael Sellwood,,,https://fantasy.afl.com.au/assets/media/players/afl/1020621_450.png
2026,,1020802,Jai Culley,,,https://fantasy.afl.com.au/assets/media/players/afl/1020802_450.png
2026,,1020877,Flynn Young,,,https://fantasy.afl.com.au/assets/media/players/afl/1020877_450.png
2026,,1020930,Zac Banch,,,https://fantasy.afl.com.au/assets/media/players/afl/1020930_450.png
2026,,1021200,Lachlan McAndrew,,,https://fantasy.afl.com.au/assets/media/players/afl/1021200_450.png
2026,,1022486,Jacob Newton,,,https://fantasy.afl.com.au/assets/media/players/afl/1022486_450.png
2026,,1022614,Noah Howes,,,https://fantasy.afl.com.au/assets/media/players/afl/1022614_450.png
2026,,1027311,Harrison Ramm,,,https://fantasy.afl.com.au/assets/media/players/afl/1027311_450.png
2026,,1027501,Roan Steele,,,https://fantasy.afl.com.au/assets/media/players/afl/1027501_450.png
2026,,1027644,Oskar Smartt,,,https://fantasy.afl.com.au/assets/media/players/afl/1027644_450.png
2026,,1027713,Will White,,,https://fantasy.afl.com.au/assets/media/players/afl/1027713_450.png
2026,,1027887,Ewan Mackinlay,,,https://fantasy.afl.com.au/assets/media/players/afl/1027887_450.png
2026,,1027964,Matthew Carroll,,,https://fantasy.afl.com.au/assets/media/players/afl/1027964_450.png
2026,,1028196,Lachlan Blakiston,,,https://fantasy.afl.com.au/assets/media/players/afl/1028196_450.png
2026,,1029084,Archer May,,,https://fantasy.afl.com.au/assets/media/players/afl/1029084_450.png
2026,,1031988,Cooper Trembath,,,https://fantasy.afl.com.au/assets/media/players/afl/1031988_450.png
2026,,1036124,Tom McCarthy,,,https://fantasy.afl.com.au/assets/media/players/afl/1036124_450.png
2026,,1039730,Eamonn Armstrong,,,https://fantasy.afl.com.au/assets/media/players/afl/1039730_450.png
2026,,1040300,Josh Lai,,,https://fantasy.afl.com.au/assets/media/players/afl/1040300_450.png
2026,,1041619,Zac Walker,,,https://fantasy.afl.com.au/assets/media/players/afl/1041619_450.png
